{
  "project_info": {
    "project_number": "805495400967",
    "project_id": "zither-harp-tv-1603885228473",
    "storage_bucket": "zither-harp-tv-1603885228473.appspot.com"
  },
  "client": [
    {
      "client_info": {
        "mobilesdk_app_id": "1:805495400967:android:e131cdf065cf619f8918a2",
        "android_client_info": {
          "package_name": "com.example.movie"
        }
      },
      "oauth_client": [
        {
          "client_id": "805495400967-5mtfmgk87lehlovf0b8tdq0p9gvp2lsu.apps.googleusercontent.com",
          "client_type": 3
        }
      ],
      "api_key": [
        {
          "current_key": "AIzaSyD9huZ671L0Dvzuu8E66gzbw-S7-3ROIow"
        }
      ],
      "services": {
        "appinvite_service": {
          "other_platform_oauth_client": [
            {
              "client_id": "805495400967-5mtfmgk87lehlovf0b8tdq0p9gvp2lsu.apps.googleusercontent.com",
              "client_type": 3
            }
          ]
        }
      }
    }
  ],
  "configuration_version": "1"
}